,login,TARGET
0,16872,0
1,16852,0
2,598,1
3,4516,0
4,7939,0
5,17980,0
6,15861,0
7,577,1
8,18087,1
9,12221,1
10,6839,0
11,5834,0
12,3896,0
13,12247,1
14,17909,0
15,6124,0
16,13178,0
17,9516,0
18,3808,0
19,14658,0
20,3073,0
21,7309,1
22,660,1
23,7128,0
24,8745,0
25,15290,1
26,7918,0
27,15825,0
28,300,0
29,8997,1
30,3181,0
31,477,0
32,16878,0
33,16214,0
34,8830,1
35,10748,0
36,3144,0
37,4452,0
38,11895,1
39,4681,0
40,4319,1
41,3120,0
42,16060,1
43,11253,0
44,18899,0
45,14654,1
46,7453,0
47,4042,1
48,10673,0
49,1347,1
50,1076,0
51,15749,0
52,18827,1
53,3428,0
54,4093,0
55,13200,1
56,12775,0
57,8915,1
58,9316,0
59,5385,1
60,3642,0
61,15591,0
62,6597,1
63,18928,0
64,14286,0
65,5322,1
66,4543,1
67,15369,0
68,15755,1
69,15164,0
70,19623,0
71,15837,1
72,9629,0
73,8662,0
74,13923,0
75,2822,1
76,4420,0
77,15633,0
78,10637,1
79,2291,0
80,7154,1
81,12030,1
82,5155,1
83,3211,1
84,13684,0
85,3898,1
86,1421,1
87,14863,0
88,6035,1
89,3842,0
90,16680,1
91,6510,0
92,9144,1
93,4177,0
94,7067,0
95,4590,0
96,18786,1
97,12732,0
98,10376,1
99,3529,1
100,14135,0
101,19114,0
102,13632,0
103,13300,0
104,7760,0
105,10984,1
106,18962,0
107,18240,0
108,4394,1
109,8423,0
110,3499,0
111,10726,0
112,7686,1
113,12026,0
114,10100,0
115,6725,1
116,6492,0
117,12548,1
118,12972,1
119,15850,0
120,16890,1
121,6488,0
122,10456,0
123,6645,0
124,16756,0
125,15070,0
126,12216,1
127,6770,0
128,10660,0
129,8376,0
130,15612,1
131,12200,1
132,13734,0
133,17668,0
134,883,1
135,715,0
136,18881,0
137,10756,1
138,1730,0
139,6362,0
140,1484,1
141,6584,1
142,18631,0
143,9695,1
144,13966,0
145,6632,1
146,14112,1
147,5589,0
148,1883,0
149,6423,0
150,4309,0
151,10049,1
152,9611,1
153,3392,0
154,733,1
155,19887,0
156,16346,0
157,18840,0
158,3213,0
159,17208,0
160,13423,1
161,2810,1
162,16667,1
163,4652,1
164,6399,0
165,19069,0
166,6123,0
167,16716,0
168,8806,0
169,16386,0
170,12083,0
171,3784,0
172,2567,1
173,12169,0
174,12079,1
175,11914,1
176,18511,0
177,14430,0
178,15677,0
179,9186,1
180,15159,1
181,5212,0
182,4048,0
183,7645,1
184,15987,0
185,18531,0
186,15616,0
187,13795,0
188,1840,0
189,19468,0
190,750,0
191,13006,1
192,11198,1
193,14398,1
194,14906,0
195,5962,0
196,8148,0
197,12799,1
198,9660,1
199,1938,0
200,10907,1
201,12063,0
202,1022,0
203,17187,0
204,14347,0
205,3258,1
206,16553,1
207,6648,0
208,9095,0
209,12067,0
210,10919,0
211,17460,1
212,19822,0
213,7914,1
214,4232,0
215,11989,1
216,7872,0
217,9004,1
218,9664,1
219,19916,1
220,10960,1
221,11328,0
222,19087,1
223,16161,0
224,3683,0
225,7448,0
226,7838,0
227,16952,0
228,16439,0
229,17760,0
230,16998,0
231,11641,0
232,14078,1
233,3152,0
234,19314,1
235,10924,1
236,820,1
237,5701,0
238,9276,1
239,15177,0
240,6717,0
241,7748,0
242,15822,1
243,17065,0
244,17363,1
245,13252,1
246,5046,0
247,17927,0
248,7235,1
249,18344,0
250,10689,0
251,7866,1
252,6422,0
253,6931,0
254,14853,0
255,13207,1
256,10594,0
257,4363,0
258,10735,0
259,15016,1
260,17430,1
261,19763,0
262,11827,0
263,17533,0
264,3601,0
265,4836,0
266,9698,0
267,11377,0
268,8617,0
269,16259,0
270,12058,0
271,18815,1
272,4121,1
273,8560,0
274,15926,1
275,13125,0
276,17542,0
277,9633,1
278,15614,0
279,7738,0
280,3253,1
281,17471,0
282,18490,1
283,3125,1
284,5780,0
285,16738,0
286,3675,1
287,1936,1
288,15300,0
289,4068,1
290,18334,0
291,2591,1
292,1223,0
293,5874,0
294,8151,0
295,8525,1
296,11330,1
297,1432,0
298,7632,0
299,19062,0
300,12911,1
301,10050,1
302,5066,0
303,7957,1
304,2230,0
305,9868,0
306,16098,0
307,1058,0
308,11457,1
309,8558,1
310,16437,0
311,19210,0
312,11899,0
313,15868,1
314,11286,1
315,4084,0
316,8623,0
317,11104,0
318,7124,0
319,15672,0
320,10106,0
321,8563,1
322,5921,0
323,8996,0
324,12033,1
325,1959,1
326,1859,0
327,798,0
328,8007,0
329,1514,0
330,2992,0
331,8583,1
332,18793,0
333,11516,0
334,1951,1
335,13073,0
336,9452,0
337,19017,0
338,10509,1
339,4677,0
340,4714,0
341,1525,0
342,10690,0
343,4762,1
344,10512,1
345,4386,0
346,16222,1
347,3212,1
348,14971,0
349,12434,0
350,4946,0
351,14526,0
352,14264,0
353,11463,1
354,2503,0
355,8481,1
356,4832,0
357,8251,1
358,1168,1
359,16280,0
360,438,1
361,2249,0
362,1057,1
363,16466,0
364,9580,0
365,1667,1
366,16928,0
367,15740,0
368,11399,0
369,9562,0
370,5405,1
371,18618,0
372,6179,0
373,5178,1
374,15535,0
375,8570,1
376,4072,1
377,3622,0
378,3730,0
379,12461,0
380,17922,1
381,6853,0
382,9932,1
383,9283,0
384,12962,0
385,3526,0
386,17700,0
387,13567,0
388,11638,1
389,1521,1
390,14952,1
391,16874,0
392,14831,1
393,18492,1
394,11843,0
395,11038,0
396,5827,0
397,5860,1
398,8139,1
399,16219,1
400,11223,0
401,4969,0
402,17691,0
403,6820,0
404,10941,1
405,16110,1
406,2557,1
407,8768,1
408,7323,1
409,8734,1
410,18788,0
411,17921,0
412,4655,1
413,15735,1
414,6873,0
415,12338,0
416,7977,1
417,19733,0
418,16265,1
419,9977,0
420,8503,1
421,1066,1
422,15963,0
423,6105,0
424,6385,1
425,9825,0
426,4251,1
427,11770,0
428,2257,0
429,7132,1
430,19852,1
431,7203,0
432,3495,0
433,2805,0
434,15809,0
435,18556,0
436,18630,1
437,15060,1
438,6006,0
439,7656,0
440,11813,1
441,9070,0
442,5353,0
443,19043,0
444,18693,0
445,15172,0
446,4999,1
447,5599,0
448,1418,1
449,16056,1
450,5373,1
451,6048,0
452,3666,1
453,5503,1
454,8787,1
455,9010,0
456,8790,0
457,108,1
458,16480,0
459,4271,1
460,10072,0
461,7592,0
462,15223,0
463,2041,0
464,11662,1
465,4757,1
466,18408,0
467,1630,0
468,10953,1
469,1234,0
470,2506,0
471,5344,0
472,6433,0
473,10861,1
474,15292,0
475,16497,0
476,14029,1
477,6012,0
478,6400,0
479,7481,1
480,3905,0
481,12005,1
482,2337,0
483,3354,0
484,3773,0
485,3445,0
486,2803,1
487,17512,1
488,11931,0
489,5762,1
490,6144,1
491,13266,1
492,15936,0
493,11348,1
494,8530,1
495,9329,0
496,11068,1
497,6774,0
498,16151,1
499,6305,0
500,2010,0
501,9739,0
502,4793,0
503,19295,1
504,1953,0
505,10745,0
506,8878,1
507,3191,1
508,11883,1
509,11956,0
510,13843,1
511,2502,0
512,18470,0
513,10285,1
514,7467,0
515,7612,0
516,9240,0
517,19592,0
518,8524,1
519,19037,0
520,4144,1
521,4430,0
522,872,0
523,2590,1
524,16455,0
525,6644,0
526,19346,0
527,18269,1
528,18172,1
529,16968,1
530,11224,1
531,3236,0
532,4690,0
533,17636,0
534,5685,1
535,18544,1
536,14881,0
537,13951,0
538,9504,1
539,11183,1
540,17554,1
541,13157,1
542,9309,0
543,14155,1
544,16875,0
545,9652,1
546,10048,0
547,7937,0
548,15557,0
549,13955,0
550,8038,0
551,18523,1
552,3133,0
553,10339,0
554,2471,0
555,18427,1
556,12007,0
557,13870,0
558,15893,0
559,10038,1
560,12774,1
561,6543,0
562,15285,0
563,2768,0
564,326,1
565,12639,1
566,15053,1
567,6367,0
568,4076,1
569,8720,1
570,781,0
571,15452,0
572,13466,0
573,13961,0
574,4074,0
575,11682,0
576,18739,0
577,12474,0
578,10883,1
579,12662,0
580,6610,0
581,7048,0
582,9852,1
583,6333,0
584,11099,0
585,1703,1
586,7841,0
587,6194,0
588,1559,1
589,13617,0
590,8467,0
591,19326,0
592,9684,0
593,5722,1
594,6903,0
595,16079,0
596,9662,0
597,14172,1
598,3310,0
599,15338,0
600,3641,0
601,19622,1
602,9399,0
603,6662,1
604,7767,1
605,7633,0
606,5948,0
607,15508,0
608,2145,1
609,14923,1
610,10732,1
611,14122,0
612,2615,0
613,12429,1
614,11986,0
615,9495,1
616,3077,0
617,684,0
618,8819,1
619,952,0
620,15832,0
621,1834,1
622,12193,1
623,3700,0
624,14378,1
625,17369,1
626,9968,0
627,16473,0
628,9598,0
629,10802,1
630,18094,0
631,11020,0
632,16130,0
633,15914,0
634,15318,0
635,9803,0
636,7100,0
637,2429,0
638,15720,0
639,1028,1
640,18796,1
641,4458,1
642,13943,0
643,6615,0
644,9897,0
645,5282,1
646,15845,0
647,9032,0
648,5679,0
649,9927,0
650,13786,1
651,19504,0
652,16773,1
653,4426,0
654,3884,1
655,1137,0
656,11552,0
657,4206,0
658,10812,0
659,1621,0
660,1103,0
661,18684,1
662,7672,1
663,17836,0
664,14439,1
665,17795,0
666,7459,0
667,11479,0
668,9926,0
669,14910,1
670,13127,1
671,707,1
672,19394,0
673,5005,1
674,19223,0
675,10192,0
676,7779,1
677,14606,1
678,6284,0
679,4723,0
680,15996,0
681,18489,1
682,11910,1
683,10790,0
684,8048,1
685,583,0
686,17518,0
687,17454,0
688,8740,1
689,18475,0
690,15343,0
691,3973,1
692,18680,0
693,7940,0
694,15829,0
695,16684,0
696,15974,0
697,17888,1
698,11323,1
699,3575,0
700,15077,0
701,685,0
702,18074,0
703,7862,1
704,8308,1
705,13557,1
706,19333,0
707,12757,1
708,15314,0
709,19611,0
710,9438,0
711,1679,0
712,11825,1
713,16258,1
714,12772,0
715,4168,0
716,16620,0
717,9983,0
718,19177,1
719,974,0
720,4221,0
721,17916,1
722,15525,0
723,2824,0
724,11826,1
725,12455,0
726,9873,1
727,3830,0
728,17183,0
729,17940,0
730,18073,0
731,3336,1
732,10945,0
733,6528,0
734,10967,0
735,7170,1
736,15700,0
737,15065,1
738,2864,0
739,10140,0
740,11664,1
741,15641,0
742,18114,0
743,6815,0
744,1538,1
745,29,0
746,604,0
747,3223,1
748,11738,1
749,10725,0
750,12655,0
751,13310,0
752,14563,0
753,6031,0
754,13897,0
755,5430,0
756,2287,1
757,10083,0
758,10912,1
759,9224,0
760,16029,0
761,18121,1
762,3268,1
763,15704,0
764,7496,1
765,13733,1
766,5034,0
767,8804,0
768,11533,0
769,4439,0
770,15439,0
771,4931,0
772,6521,1
773,16944,0
774,14400,1
775,15569,0
776,17029,1
777,2077,0
778,9022,0
779,2281,0
780,3467,0
781,15154,0
782,1656,1
783,5967,1
784,16929,0
785,4797,1
786,15007,1
787,16073,1
788,15031,0
789,12687,1
790,12407,0
791,16205,0
792,10612,0
793,18261,0
794,6619,1
795,15049,1
796,14843,0
797,4717,0
798,15960,1
799,15680,0
800,14362,0
801,11192,1
802,14715,0
803,7995,1
804,10439,1
805,5469,0
806,19486,0
807,10250,1
808,13570,1
809,5002,0
810,16847,0
811,6226,1
812,6664,1
813,5548,1
814,11259,1
815,15737,1
816,9654,0
817,10415,0
818,18051,0
819,10691,0
820,19214,0
821,17403,1
822,1445,0
823,6880,0
824,14067,0
825,9724,0
826,16361,0
827,14713,1
828,17389,1
829,19382,0
830,6517,1
831,8119,1
832,14311,1
833,18768,1
834,7890,1
835,332,0
836,17020,0
837,7956,1
838,4570,1
839,15456,0
840,433,0
841,5630,1
842,16064,0
843,8566,0
844,4265,0
845,11475,0
846,3090,0
847,2452,0
848,12267,0
849,10583,0
850,6183,0
851,308,0
852,15181,0
853,12699,0
854,10328,0
855,13775,1
856,11867,0
857,7527,0
858,8917,0
859,15900,0
860,11618,1
861,2808,1
862,19073,0
863,7163,1
864,15762,0
865,8971,1
866,17140,0
867,2549,0
868,15331,0
869,17370,0
870,11573,0
871,6855,0
872,15559,0
873,12666,1
874,113,1
875,2342,0
876,3662,1
877,15039,0
878,19357,1
879,989,0
880,15977,1
881,11154,1
882,9192,0
883,18933,0
884,14576,1
885,7822,0
886,17494,1
887,5432,0
888,3886,0
889,19099,1
890,17444,1
891,2642,0
892,18575,0
893,19419,0
894,14837,0
895,17583,1
896,541,0
897,925,0
898,2814,0
899,19321,0
900,3681,1
901,7578,0
902,7804,0
903,8736,1
904,14610,0
905,6798,1
906,4105,0
907,13721,1
908,12498,0
909,6786,1
910,9649,1
911,3925,1
912,6970,1
913,4371,0
914,2903,0
915,11164,0
916,80,0
917,5190,0
918,17562,0
919,14141,0
920,8287,0
921,411,0
922,1134,0
923,15565,0
924,4317,0
925,10076,0
926,5891,0
927,17195,1
928,14646,1
929,15792,1
930,9107,0
931,5361,0
932,17503,0
933,3438,0
934,613,0
935,8955,1
936,5023,0
937,12087,0
938,14692,0
939,14154,0
940,10225,1
941,9812,0
942,2513,0
943,12279,1
944,2165,1
945,8865,0
946,5800,0
947,11100,0
948,129,1
949,15122,1
950,9581,0
951,15400,1
952,4437,0
953,4936,0
954,13375,0
955,2441,0
956,4070,1
957,4840,1
958,13182,0
959,7385,0
960,17666,0
961,11947,0
962,3656,1
963,1486,1
964,10787,0
965,5581,0
966,10856,1
967,18775,0
968,7186,0
969,4983,0
970,14724,0
971,1462,0
972,13904,0
973,1179,0
974,1554,1
975,12135,1
976,12130,1
977,15273,0
978,6767,0
979,1640,0
980,18014,1
981,12364,0
982,7277,1
983,17245,0
984,18516,0
985,13132,0
986,9113,0
987,14772,0
988,13848,0
989,5311,0
990,8585,1
991,9252,1
992,4476,1
993,7931,0
994,7311,1
995,7434,1
996,2608,0
997,11180,1
998,17396,1
999,15286,0
1000,13430,1
1001,5920,1
1002,237,1
1003,11065,1
1004,10868,1
1005,3982,0
1006,11972,0
1007,10901,1
1008,15132,1
1009,5056,1
1010,4568,1
1011,17662,0
1012,10291,0
1013,8451,1
1014,3972,0
1015,6704,0
1016,18420,0
1017,8274,1
1018,8858,1
1019,2509,1
1020,7211,0
1021,6937,0
1022,19644,0
1023,19173,0
1024,1702,1
1025,3534,1
1026,3007,1
1027,16267,1
1028,6616,0
1029,18914,0
1030,9688,0
1031,13688,0
1032,9150,0
1033,8941,1
1034,12688,0
1035,8020,1
1036,4510,0
1037,1558,1
1038,10380,1
1039,9857,1
1040,4272,1
1041,555,0
1042,9306,1
1043,9954,0
1044,15258,0
1045,9905,0
1046,1939,0
1047,5501,0
1048,18469,1
1049,17725,0
1050,16724,1
1051,10203,1
1052,5418,1
1053,4078,0
1054,11389,0
1055,8353,1
1056,8309,0
1057,4192,1
1058,14230,0
1059,8433,0
1060,18093,0
1061,15197,0
1062,9596,0
1063,5613,0
1064,11644,1
1065,14150,0
1066,9681,0
1067,15350,0
1068,19717,0
1069,7,0
1070,7949,0
1071,13683,0
1072,511,0
1073,6154,0
1074,12634,1
1075,867,0
1076,10642,0
1077,15134,0
1078,8368,1
1079,14364,0
1080,13846,1
1081,5037,0
1082,8929,0
1083,7834,1
1084,12040,0
1085,9827,0
1086,5756,0
1087,6808,1
1088,5157,1
1089,19001,1
1090,12826,1
1091,8867,0
1092,7657,1
1093,16743,0
1094,13502,1
1095,5869,1
1096,224,0
1097,10864,1
1098,17100,1
1099,16416,0
1100,8973,1
1101,7858,0
1102,16329,0
1103,4710,0
1104,16799,1
1105,6091,1
1106,19071,0
1107,11542,1
1108,18400,1
1109,10834,1
1110,19107,0
1111,7846,0
1112,4154,0
1113,1444,1
1114,2631,0
1115,4237,1
1116,5009,1
1117,10516,0
1118,6626,0
1119,14573,1
1120,15855,1
1121,8201,0
1122,11771,0
1123,1623,0
1124,16632,1
1125,143,0
1126,7402,1
1127,3030,0
1128,2170,0
1129,9214,0
1130,18924,0
1131,11421,1
1132,12153,0
1133,7743,1
1134,7201,1
1135,7326,1
1136,11578,1
1137,1709,0
1138,19968,0
1139,6107,0
1140,14000,0
1141,7530,0
1142,18691,0
1143,8026,0
1144,5759,0
1145,15995,0
1146,15857,0
1147,8127,0
1148,14858,0
1149,12831,1
1150,395,0
1151,7286,1
1152,4153,1
1153,12630,1
1154,4310,1
1155,16585,1
1156,3903,0
1157,4694,1
1158,11597,0
1159,13588,0
1160,8454,1
1161,15990,0
1162,15480,0
1163,5837,1
1164,17165,0
1165,12260,1
1166,15440,0
1167,11930,1
1168,7388,1
1169,17528,0
1170,11602,1
1171,836,0
1172,5488,0
1173,14455,1
1174,7845,1
1175,4605,0
1176,9173,0
1177,5427,0
1178,18771,1
1179,14146,0
1180,19855,1
1181,13218,1
1182,17736,0
1183,4329,1
1184,11380,0
1185,1053,0
1186,18053,0
1187,2093,1
1188,16894,1
1189,12705,0
1190,12866,0
1191,4333,0
1192,10078,0
1193,14171,1
1194,17068,1
1195,16639,1
1196,18218,1
1197,17813,0
1198,8705,0
1199,17968,0
1200,9778,0
1201,3099,1
1202,15858,0
1203,8011,1
1204,7320,1
1205,6511,0
1206,16468,0
1207,5213,0
1208,11636,0
1209,12175,1
1210,15207,0
1211,9350,0
1212,4082,0
1213,4006,1
1214,402,1
1215,8543,0
1216,15101,1
1217,16895,1
1218,17383,0
1219,1643,1
1220,3908,0
1221,7987,0
1222,2068,1
1223,5383,0
1224,18519,0
1225,6056,0
1226,4943,1
1227,5971,0
1228,7018,0
1229,16507,1
1230,18184,0
1231,6419,0
1232,17692,0
1233,15342,0
1234,3148,0
1235,11981,0
1236,13253,0
1237,14226,1
1238,687,0
1239,7167,0
1240,14265,1
1241,16769,1
1242,2933,1
1243,1027,1
1244,4565,0
1245,16687,0
1246,6879,0
1247,4567,0
1248,3684,0
1249,1856,0
1250,8254,1
1251,231,0
1252,3383,0
1253,1116,0
1254,10510,1
1255,8402,1
1256,3705,0
1257,4776,0
1258,8826,0
1259,16442,0
1260,4,1
1261,1254,0
1262,10546,1
1263,5509,0
1264,10956,1
1265,6923,0
1266,14275,0
1267,15962,0
1268,17159,0
1269,11300,0
1270,6036,0
1271,6104,0
1272,4291,1
1273,9733,0
1274,6421,0
1275,14763,1
1276,9939,0
1277,9064,0
1278,17699,0
1279,3302,0
1280,15917,0
1281,6310,0
1282,16394,0
1283,11105,0
1284,2219,1
1285,13946,0
1286,10397,1
1287,19066,1
1288,10759,1
1289,2515,0
1290,8732,1
1291,18307,0
1292,14274,1
1293,9341,0
1294,10822,0
1295,12025,0
1296,14012,0
1297,13434,1
1298,10563,0
1299,11388,0
1300,17062,1
1301,16673,1
1302,10987,0
1303,9632,1
1304,8231,1
1305,11537,1
1306,16643,0
1307,15214,0
1308,6801,0
1309,5038,0
1310,8533,1
1311,12379,0
1312,12698,0
1313,3172,1
1314,9218,0
1315,13372,1
1316,10183,0
1317,11438,1
1318,3331,0
1319,6940,0
1320,18245,0
1321,10540,0
1322,3754,1
1323,10762,1
1324,15982,0
1325,4385,0
1326,6128,0
1327,3671,0
1328,8919,1
1329,18065,1
1330,4388,1
1331,17237,0
1332,7731,0
1333,16754,0
1334,9832,0
1335,14928,0
1336,3750,1
1337,769,1
1338,4185,0
1339,9097,0
1340,14691,0
1341,16870,0
1342,8591,0
1343,15205,0
1344,2382,0
1345,6095,0
1346,7777,0
1347,17042,0
1348,12725,0
1349,3122,0
1350,7421,0
1351,4978,0
1352,19895,1
1353,17077,1
1354,12480,0
1355,18039,1
1356,11263,1
1357,9864,0
1358,19799,0
1359,3037,0
1360,11821,1
1361,16963,1
1362,4337,1
1363,2057,0
1364,15358,0
1365,8689,0
1366,724,0
1367,1065,1
1368,7692,1
1369,16759,0
1370,16335,0
1371,8945,1
1372,5586,1
1373,4914,0
1374,14666,0
1375,8853,1
1376,18454,0
1377,6057,0
1378,386,0
1379,1250,0
1380,18402,0
1381,4478,1
1382,15091,0
1383,10959,1
1384,4171,0
1385,8459,1
1386,6697,0
1387,11461,0
1388,3005,1
1389,16332,0
1390,17541,0
1391,18077,1
1392,11687,1
1393,9950,0
1394,5993,0
1395,16126,0
1396,16403,0
1397,7679,1
1398,6862,1
1399,5725,0
1400,2729,0
1401,6691,1
1402,7942,0
1403,2477,0
1404,14674,1
1405,11944,0
1406,9558,0
1407,11676,1
1408,18236,0
1409,8275,1
1410,14248,1
1411,19118,1
1412,17991,0
1413,15239,1
1414,7331,0
1415,1192,0
1416,19317,0
1417,5770,1
1418,17232,0
1419,6004,0
1420,6392,0
1421,15885,1
1422,11487,0
1423,6814,0
1424,7171,0
1425,13901,1
1426,13957,0
1427,3364,0
1428,10414,0
1429,16046,1
1430,7077,0
1431,7570,1
1432,1344,0
1433,16156,1
1434,6431,0
1435,11746,0
1436,6442,0
1437,9315,1
1438,7626,0
1439,5622,0
1440,373,1
1441,14958,0
1442,19283,0
1443,17044,0
1444,5498,0
1445,5482,1
1446,17775,0
1447,8279,1
1448,10574,1
1449,5249,1
1450,14804,0
1451,5996,0
1452,2574,0
1453,9955,0
1454,14443,0
1455,12192,0
1456,9281,1
1457,19072,1
1458,7093,0
1459,5700,0
1460,11492,0
1461,8679,1
1462,16341,0
1463,4283,0
1464,313,0
1465,4971,1
1466,13299,1
1467,3355,1
1468,6408,0
1469,13496,1
1470,236,1
1471,3713,1
1472,10407,1
1473,1297,0
1474,16014,1
1475,15030,0
1476,45,0
1477,8876,1
1478,16837,1
1479,15511,1
1480,6112,0
1481,8693,1
1482,7572,0
1483,8556,0
1484,16268,1
1485,1685,0
1486,10103,0
1487,11997,1
1488,10592,1
1489,10093,0
1490,3095,1
1491,11116,0
1492,8242,1
1493,10914,0
1494,8779,1
1495,13267,1
1496,10201,1
1497,6319,0
1498,15391,0
1499,15163,1
1500,1896,1
1501,6611,0
1502,13076,0
1503,14730,0
1504,7182,0
1505,7397,1
1506,12049,0
1507,355,0
1508,7254,0
1509,19193,1
1510,16191,0
1511,10892,0
1512,17553,1
1513,16725,1
1514,6942,1
1515,9394,0
1516,16749,1
1517,478,0
1518,7375,0
1519,19448,0
1520,4484,0
1521,49,1
1522,17124,0
1523,1211,0
1524,15490,0
1525,3119,0
1526,18331,1
1527,5360,0
1528,1596,1
1529,10218,0
1530,4753,1
1531,7989,0
1532,4497,1
1533,19517,0
1534,8686,0
1535,5092,0
1536,11633,0
1537,17539,0
1538,16784,0
1539,16544,1
1540,7380,0
1541,11225,1
1542,14737,0
1543,11021,0
1544,1430,1
1545,17362,0
1546,3930,1
1547,11039,0
1548,19513,0
1549,14446,0
1550,1835,1
1551,17026,0
1552,268,1
1553,3167,1
1554,19138,1
1555,14869,1
1556,1464,1
1557,1101,0
1558,9529,0
1559,16233,0
1560,12753,0
1561,6504,1
1562,13144,0
1563,9696,0
1564,18176,0
1565,11587,1
1566,10372,0
1567,10948,1
1568,15521,1
1569,1839,0
1570,11529,0
1571,3829,0
1572,12140,0
1573,13672,0
1574,13316,1
1575,3429,0
1576,11061,1
1577,10438,1
1578,8405,0
1579,9517,1
1580,7259,0
1581,4712,1
1582,2669,0
1583,19779,1
1584,6568,1
1585,9448,1
1586,17696,0
1587,19707,0
1588,5745,0
1589,15353,0
1590,6824,1
1591,3790,0
1592,18028,1
1593,1036,0
1594,15238,1
1595,8175,1
1596,755,0
1597,9910,0
1598,13756,0
1599,4239,1
1600,3448,0
1601,6330,1
1602,1490,1
1603,15424,1
1604,2437,0
1605,2578,0
1606,8252,1
1607,4979,0
1608,169,0
1609,16406,1
1610,2372,0
1611,14459,0
1612,15397,0
1613,13568,1
1614,18760,0
1615,17843,1
1616,2085,1
1617,14058,0
1618,15866,1
1619,7047,0
1620,15611,0
1621,7227,0
1622,2197,1
1623,15980,1
1624,7752,0
1625,1638,0
1626,5370,0
1627,16062,0
1628,19290,0
1629,8742,1
1630,5200,0
1631,6269,0
1632,2636,1
1633,8404,0
1634,3134,0
1635,19228,0
1636,4000,1
1637,15175,1
1638,8778,1
1639,9425,0
1640,17156,0
1641,14664,0
1642,13716,1
1643,4033,1
1644,18303,1
1645,16771,1
1646,16095,0
1647,14279,0
1648,13391,0
1649,17850,0
1650,9769,1
1651,6984,0
1652,3710,0
1653,4118,0
1654,9804,0
1655,12543,0
1656,1038,0
1657,13011,0
1658,16539,1
1659,3831,1
1660,17741,0
1661,7050,0
1662,5239,1
1663,10424,1
1664,558,0
1665,416,1
1666,6465,0
1667,13988,0
1668,41,0
1669,15267,0
1670,17934,0
1671,5084,0
1672,3190,0
1673,9191,0
1674,16973,0
1675,4986,1
1676,6062,0
1677,7092,0
1678,8554,1
1679,1260,1
1680,7332,1
1681,6860,0
1682,5138,1
1683,13631,0
1684,15140,1
1685,18336,0
1686,17299,0
1687,12286,1
1688,7123,0
1689,12780,0
1690,3582,0
1691,18504,1
1692,19806,0
1693,2720,1
1694,14296,0
1695,1924,0
1696,7941,0
1697,8372,0
1698,19038,1
1699,8316,0
1700,3585,0
1701,2796,1
1702,6692,1
1703,8575,1
1704,4294,1
1705,17196,0
1706,17493,0
1707,15494,0
1708,11373,1
1709,17290,0
1710,7733,0
1711,4589,1
1712,4686,0
1713,13328,1
1714,10852,1
1715,12139,0
1716,6915,1
1717,9429,0
1718,103,0
1719,19285,1
1720,10508,1
1721,18910,0
1722,4898,0
1723,13606,1
1724,2572,0
1725,4404,0
1726,4391,0
1727,12478,0
1728,9112,0
1729,6868,0
1730,18204,1
1731,19088,0
1732,5916,0
1733,10807,0
1734,18986,1
1735,15541,1
1736,5856,0
1737,14136,0
1738,2445,0
1739,13665,1
1740,14410,0
1741,12016,0
1742,18522,0
1743,12859,1
1744,7639,0
1745,11451,1
1746,9913,0
1747,8267,1
1748,14102,1
1749,10428,1
1750,11637,0
1751,16580,0
1752,4816,1
1753,1467,1
1754,10005,1
1755,3324,0
1756,19854,0
1757,4164,1
1758,13857,0
1759,11878,0
1760,15725,0
1761,17356,0
1762,10713,0
1763,5654,1
1764,7219,0
1765,8597,1
1766,5815,0
1767,11722,1
1768,10401,0
1769,6819,0
1770,12627,1
1771,2740,0
1772,1002,0
1773,15360,0
1774,6541,0
1775,14800,1
1776,11553,0
1777,2734,1
1778,1319,0
1779,4830,0
1780,14457,0
1781,1582,1
1782,18399,1
1783,2523,0
1784,18997,1
1785,7962,1
1786,10978,1
1787,17078,1
1788,17339,0
1789,12618,0
1790,15080,0
1791,12647,1
1792,2049,0
1793,1506,0
1794,3219,1
1795,4582,1
1796,829,1
1797,10020,0
1798,14501,0
1799,1536,0
1800,14809,0
1801,17941,0
1802,1789,0
1803,3070,0
1804,10282,1
1805,14315,1
1806,190,1
1807,10731,1
1808,13444,0
1809,1677,0
1810,17881,0
1811,12366,0
1812,10866,1
1813,14385,0
1814,4509,0
1815,7340,1
1816,8106,1
1817,15339,0
1818,675,0
1819,14981,1
1820,12665,1
1821,1451,1
1822,19886,0
1823,13367,1
1824,16048,1
1825,1011,1
1826,7157,1
1827,13250,1
1828,8724,1
1829,16166,0
1830,5631,0
1831,15174,1
1832,8861,1
1833,14325,1
1834,11418,0
1835,264,1
1836,19296,0
1837,6618,1
1838,7291,0
1839,6608,1
1840,16579,0
1841,15246,0
1842,5398,0
1843,9166,0
1844,705,0
1845,5656,0
1846,17433,0
1847,5982,0
1848,5904,1
1849,3881,1
1850,17505,0
1851,7820,0
1852,1496,1
1853,2731,0
1854,7139,1
1855,8097,1
1856,19121,0
1857,17721,1
1858,5767,0
1859,15807,1
1860,13639,0
1861,12667,1
1862,194,0
1863,4234,0
1864,17945,1
1865,388,0
1866,3290,0
1867,13776,1
1868,6650,0
1869,7185,0
1870,4308,1
1871,683,0
1872,7611,0
1873,14525,0
1874,9428,1
1875,8520,1
1876,19507,0
1877,9117,0
1878,3664,1
1879,8785,1
1880,19022,1
1881,4054,1
1882,16705,1
1883,6559,0
1884,18190,1
1885,17564,0
1886,9279,0
1887,4368,1
1888,10144,0
1889,5534,1
1890,19506,0
1891,11441,1
1892,9884,0
1893,8298,0
1894,17713,0
1895,13704,1
1896,16778,1
1897,6732,0
1898,16039,0
1899,11741,1
1900,1044,0
1901,5961,0
1902,17976,0
1903,18246,1
1904,371,1
1905,4621,0
1906,1848,1
1907,5232,0
1908,9271,0
1909,9056,0
1910,9775,1
1911,9779,0
1912,5192,0
1913,10604,0
1914,15344,1
1915,15171,0
1916,1551,1
1917,15817,0
1918,9241,0
1919,4445,1
1920,86,0
1921,10336,1
1922,7869,0
1923,19155,0
1924,5870,0
1925,19188,1
1926,18062,1
1927,11037,0
1928,1889,1
1929,17174,0
1930,4930,0
1931,9872,1
1932,1284,0
1933,11777,1
1934,138,0
1935,3872,1
1936,5490,0
1937,8317,0
1938,6527,0
1939,14746,0
1940,8276,1
1941,10405,0
1942,14662,0
1943,3561,1
1944,11627,1
1945,4150,0
1946,1132,0
1947,18208,1
1948,11964,1
1949,16865,1
1950,14875,0
1951,16252,0
1952,18004,1
1953,7303,1
1954,9943,1
1955,2767,0
1956,14698,0
1957,1153,1
1958,11718,0
1959,7643,0
1960,8265,1
1961,9597,0
1962,12743,1
1963,11241,0
1964,11357,0
1965,2082,1
1966,14714,1
1967,6106,0
1968,14623,1
1969,16200,1
1970,287,0
1971,9999,0
1972,5633,0
1973,16920,0
1974,2330,0
1975,10736,0
1976,7674,0
1977,11906,0
1978,16900,0
1979,6114,0
1980,4511,1
1981,13052,1
1982,8512,1
1983,4422,0
1984,2200,0
1985,16157,0
1986,1176,1
1987,3200,1
1988,4782,1
1989,2899,0
1990,15664,1
1991,10533,1
1992,17055,1
1993,6760,0
1994,9875,0
1995,10351,1
1996,18346,0
1997,18777,1
1998,6215,0
1999,18799,1
2000,1135,0
2001,19808,0
2002,6120,1
2003,7596,0
2004,1699,0
2005,2254,1
2006,15888,0
2007,6889,0
2008,13307,1
2009,10004,1
2010,10184,0
2011,9363,0
2012,1077,0
2013,13431,1
2014,15802,1
2015,13058,0
2016,2223,0
2017,15648,1
2018,2289,1
2019,15364,0
2020,9011,1
2021,7403,0
2022,1156,0
2023,11414,1
2024,4109,0
2025,3914,0
2026,18861,0
2027,18431,0
2028,4138,1
2029,3168,1
2030,16307,1
2031,5639,0
2032,10639,0
2033,10926,1
2034,7270,0
2035,7851,0
2036,13028,0
2037,3401,0
2038,9322,0
2039,3058,1
2040,18148,0
2041,9211,1
2042,5454,1
2043,14519,0
2044,14897,1
2045,1603,0
2046,13270,1
2047,928,0
2048,7944,0
2049,19445,1
2050,7261,1
2051,10470,0
2052,15938,0
2053,5644,0
2054,1024,0
2055,8753,1
2056,5075,0
2057,450,0
2058,913,0
2059,5862,0
2060,8311,1
2061,292,1
2062,4059,0
2063,4927,0
2064,16745,0
2065,19309,0
2066,7260,0
2067,10427,0
2068,9978,0
2069,15084,0
2070,6825,0
2071,7758,0
2072,5684,1
2073,12561,1
2074,11367,1
2075,12830,0
2076,19232,0
2077,12123,1
2078,17347,1
2079,7792,0
2080,7302,1
2081,8781,1
2082,2894,0
2083,19985,0
2084,17864,0
2085,4098,1
2086,17315,1
2087,10648,0
2088,14228,1
2089,7979,0
2090,5672,0
2091,9340,1
2092,16527,0
2093,5887,1
2094,15328,1
2095,9791,0
2096,17247,1
2097,12222,0
2098,8712,0
2099,18131,0
2100,8037,1
2101,9368,1
2102,18448,0
2103,19923,0
2104,7089,1
2105,18370,0
2106,2395,0
2107,13692,0
2108,2199,1
2109,6265,1
2110,1726,0
2111,1434,0
2112,14332,1
2113,6571,0
2114,16614,0
2115,6952,0
2116,13562,0
2117,14093,0
2118,8107,0
2119,101,0
2120,2278,0
2121,19068,1
2122,17076,0
2123,2019,0
2124,19988,0
2125,16529,1
2126,585,0
2127,18900,1
2128,14096,1
2129,927,1
2130,16644,0
2131,10687,0
2132,14268,1
2133,15979,0
2134,6101,0
2135,6011,0
2136,1069,0
2137,11232,1
2138,14615,1
2139,8709,1
2140,17754,1
2141,12167,1
2142,11016,0
2143,12305,1
2144,17601,0
2145,7856,0
2146,4411,0
2147,6381,0
2148,7893,1
2149,7621,1
2150,13497,1
2151,17746,0
2152,8669,1
2153,712,1
2154,11692,0
2155,1955,0
2156,11352,0
2157,818,0
2158,7431,1
2159,1026,1
2160,9986,0
2161,8625,0
2162,1349,0
2163,15265,0
2164,1216,0
2165,8027,0
2166,4364,0
2167,18216,1
2168,4180,1
2169,16472,1
2170,18033,1
2171,14371,0
2172,7698,0
2173,11366,0
2174,18453,0
2175,13208,1
2176,1472,0
2177,5832,0
2178,6642,0
2179,5580,0
2180,18999,0
2181,11179,1
2182,10611,0
2183,8700,0
2184,11604,0
2185,3799,1
2186,2407,1
2187,13459,0
2188,16533,0
2189,5957,1
2190,18596,0
2191,10410,0
2192,14876,0
2193,12891,0
2194,78,0
2195,11176,0
2196,4698,1
2197,5144,0
2198,9514,1
2199,2654,1
2200,10404,0
2201,6358,0
2202,12649,0
2203,12784,1
2204,10272,0
2205,9711,1
2206,7452,1
2207,15133,1
2208,18369,1
2209,10573,1
2210,6494,0
2211,3414,1
2212,15789,1
2213,726,1
2214,1459,0
2215,8470,1
2216,9333,1
2217,251,0
2218,9717,0
2219,8259,1
2220,4412,1
2221,8967,1
2222,11434,1
2223,8303,1
2224,11683,0
2225,12736,1
2226,2957,1
2227,1507,0
2228,13790,1
2229,14885,0
2230,18120,0
2231,5183,1
2232,10024,1
2233,18856,0
2234,19116,1
2235,16022,0
2236,17477,1
2237,18987,1
2238,17033,0
2239,9774,1
2240,19438,1
2241,1943,0
2242,3216,0
2243,7415,1
2244,13025,0
2245,3935,0
2246,3874,1
2247,10710,1
2248,4996,0
2249,8081,0
2250,10717,1
2251,4178,0
2252,15006,1
2253,11009,0
2254,14810,0
2255,8479,0
2256,18244,0
2257,16194,1
2258,5226,0
2259,5055,1
2260,5120,1
2261,9081,0
2262,15592,1
2263,59,0
2264,12829,0
2265,4823,0
2266,15186,1
2267,260,1
2268,1071,0
2269,11354,0
2270,5335,0
2271,8398,0
2272,15165,0
2273,15572,0
2274,6854,1
2275,14301,0
2276,6863,0
2277,16279,1
2278,17041,0
2279,11023,0
2280,13007,0
2281,17342,1
2282,4069,1
2283,5058,0
2284,17262,1
2285,19377,1
2286,12467,0
2287,3955,1
2288,17992,0
2289,7769,1
2290,3637,0
2291,12284,0
2292,3809,0
2293,4787,0
2294,15081,1
2295,15684,0
2296,7563,0
2297,14643,0
2298,11954,0
2299,18413,0
2300,4442,0
2301,6122,0
2302,3222,0
2303,11458,1
2304,9620,0
2305,12807,1
2306,9414,1
2307,13921,1
2308,18324,0
2309,3667,1
2310,896,0
2311,13108,1
2312,3697,0
2313,2091,0
2314,1070,0
2315,6485,0
2316,7122,1
2317,10909,1
2318,2356,0
2319,7903,1
2320,3663,1
2321,17840,0
2322,996,0
2323,5431,0
2324,17799,0
2325,16111,1
2326,3742,0
2327,7200,0
2328,7547,1
2329,8589,1
2330,18437,1
2331,6129,0
2332,3018,1
2333,2778,1
2334,5097,1
2335,16188,0
2336,5204,0
2337,8922,1
2338,10990,0
2339,17407,0
2340,5,0
2341,10694,0
2342,5182,0
2343,6051,0
2344,12592,1
2345,15859,0
2346,14329,1
2347,47,0
2348,2878,0
2349,9663,0
2350,11233,0
2351,5186,0
2352,13818,1
2353,823,1
2354,9404,0
2355,8018,1
2356,8961,0
2357,5203,0
2358,12779,0
2359,10462,1
2360,4124,0
2361,6010,0
2362,14566,0
2363,6082,0
2364,3576,1
2365,11752,1
2366,12795,1
2367,15010,0
2368,3594,0
2369,16897,0
2370,5347,1
2371,1543,1
2372,13619,1
2373,10340,1
2374,7787,0
2375,19929,0
2376,9841,0
2377,9464,0
2378,358,1
2379,2113,0
2380,4852,1
2381,8549,1
2382,9320,0
2383,13530,1
2384,8568,0
2385,7797,0
2386,7911,1
2387,11971,1
2388,4375,0
2389,11109,0
2390,9701,0
2391,18585,1
2392,7373,0
2393,12440,0
2394,3572,0
2395,17224,0
2396,19,1
2397,14935,0
2398,13412,0
2399,9065,0
2400,6883,0
2401,8212,1
2402,6272,1
2403,4011,1
2404,17464,0
2405,18179,0
2406,4933,0
2407,12970,0
2408,11902,1
2409,17827,1
2410,16440,0
2411,9383,0
2412,11881,1
2413,15469,0
2414,11753,1
2415,17106,1
2416,14537,1
2417,17101,1
2418,3376,0
2419,12695,1
2420,12789,1
2421,494,0
2422,18379,0
2423,9559,0
2424,16100,0
2425,7513,0
2426,15291,0
2427,6100,1
2428,8157,0
2429,8769,0
2430,12042,1
2431,11572,0
2432,13947,0
2433,7037,1
2434,12882,1
2435,11447,0
2436,10226,1
2437,463,0
2438,9694,0
2439,14590,0
2440,9586,0
2441,7307,0
2442,12365,0
2443,7684,0
2444,16398,1
2445,906,0
2446,10659,0
2447,15482,0
2448,5983,0
2449,2045,0
2450,15701,0
2451,3328,0
2452,6625,1
2453,17709,0
2454,3617,0
2455,11775,1
2456,808,0
2457,11635,1
2458,6220,0
2459,13117,0
2460,17207,0
2461,8438,0
2462,4524,1
2463,13286,1
2464,7278,1
2465,6073,0
2466,19135,0
2467,7088,1
2468,11841,0
2469,6553,1
2470,7491,1
2471,2102,0
2472,18375,1
2473,11261,1
2474,19977,0
2475,10304,0
2476,11347,1
2477,9295,1
2478,1993,0
2479,5045,0
2480,12290,1
2481,2628,0
2482,74,1
2483,1356,0
2484,1479,0
2485,15668,0
2486,7393,0
2487,843,0
2488,19904,0
2489,18459,0
2490,8690,0
2491,1729,0
2492,18395,0
2493,15573,0
2494,13332,0
2495,1570,0
2496,11805,1
2497,4826,1
2498,9026,0
2499,19149,0
2500,316,1
2501,15454,0
2502,5044,1
2503,6441,0
2504,11735,1
2505,16541,0
2506,2332,0
2507,13473,1
2508,8198,1
2509,14351,0
2510,16145,1
2511,3657,1
2512,19277,0
2513,9672,0
2514,15585,0
2515,5532,0
2516,4592,0
2517,15340,0
2518,18714,0
2519,7109,1
2520,6576,0
2521,8277,1
2522,5110,0
2523,4424,0
2524,16845,0
2525,4994,1
2526,11167,1
2527,10839,1
2528,15682,0
2529,16932,1
2530,12719,0
2531,4406,0
2532,8197,1
2533,9989,0
2534,5728,1
2535,9697,0
2536,8924,1
2537,18955,1
2538,7180,0
2539,1261,1
2540,18113,1
2541,14518,1
2542,612,0
2543,16239,0
2544,7099,0
2545,8888,1
2546,2277,0
2547,10727,0
2548,12479,0
2549,4902,0
2550,13384,0
2551,6323,1
2552,855,0
2553,17792,0
2554,18915,0
2555,5769,1
2556,10943,1
2557,13968,1
2558,15517,0
2559,11543,1
2560,17561,1
2561,7117,0
2562,2614,1
2563,5152,0
2564,9731,0
2565,4288,0
2566,12027,0
2567,13839,0
2568,18877,1
2569,12781,0
2570,17490,0
2571,5873,0
2572,1337,0
2573,15301,0
2574,18222,0
2575,7652,1
2576,8450,0
2577,7143,1
2578,10421,0
2579,9667,1
2580,8555,1
2581,10809,0
2582,5364,1
2583,2508,1
2584,36,1
2585,17743,0
2586,14039,1
2587,6667,1
2588,3919,1
2589,5723,0
2590,3856,0
2591,10581,0
2592,11283,0
2593,1747,0
2594,10986,0
2595,13793,0
2596,10816,0
2597,8207,0
2598,15991,0
2599,16982,1
2600,3535,0
2601,8387,0
2602,375,1
2603,8730,1
2604,12756,0
2605,3562,1
2606,16692,1
2607,12822,1
2608,11424,0
2609,5313,0
2610,11617,0
2611,7810,0
2612,18941,1
2613,4691,0
2614,7818,0
2615,4111,0
2616,15108,0
2617,17877,1
2618,3889,0
2619,2173,0
2620,10618,0
2621,5748,0
2622,8498,0
2623,16903,0
2624,18496,0
2625,2958,1
2626,16864,0
2627,8022,0
2628,1340,0
2629,6707,1
2630,5735,0
2631,17967,0
2632,13019,1
2633,4188,1
2634,19014,1
2635,12773,1
2636,16197,1
2637,7569,1
2638,12065,1
2639,413,1
2640,8668,0
2641,13677,0
2642,15912,0
2643,19229,0
2644,19234,0
2645,10965,0
2646,1258,0
2647,11157,0
2648,17061,0
2649,1,0
2650,11209,0
2651,11835,0
2652,5258,0
2653,6928,0
2654,18338,0
2655,6614,1
2656,9036,0
2657,17872,1
2658,13123,1
2659,3747,0
2660,7304,1
2661,6655,1
2662,19222,1
2663,3384,0
2664,17978,1
2665,13366,1
2666,772,0
2667,9091,0
2668,14604,1
2669,16088,0
2670,10966,1
2671,6874,1
2672,17066,1
2673,253,1
2674,606,0
2675,15332,0
2676,10999,0
2677,18701,0
2678,13269,0
2679,1842,1
2680,7004,0
2681,15236,1
2682,14206,1
2683,10934,1
2684,16224,0
2685,15299,0
2686,10743,0
2687,10365,1
2688,18000,0
2689,11822,1
2690,17210,1
2691,1574,1
2692,3252,1
2693,19289,0
2694,14553,0
2695,12395,0
2696,17705,0
2697,12946,1
2698,8257,1
2699,12404,0
2700,5544,1
2701,13583,0
2702,1931,1
2703,6500,0
2704,10113,0
2705,6556,0
2706,10167,0
2707,4808,1
2708,4544,1
2709,3239,1
2710,4005,1
2711,15279,1
2712,12399,1
2713,7904,0
2714,17098,1
2715,11808,0
2716,8072,0
2717,17525,1
2718,587,0
2719,7613,0
2720,13806,0
2721,18532,0
2722,9964,0
2723,5378,0
2724,10006,1
2725,12538,0
2726,3304,0
2727,8653,0
2728,6935,0
2729,11589,0
2730,9648,1
2731,15532,0
2732,3536,0
2733,16671,0
2734,9156,1
2735,8685,0
2736,9809,1
2737,2860,0
2738,6876,0
2739,7168,0
2740,13239,1
2741,2505,0
2742,15783,0
2743,13075,0
2744,18629,0
2745,18883,1
2746,4719,1
2747,13954,0
2748,6968,0
2749,10124,0
2750,4682,1
2751,5041,0
2752,12089,1
2753,5223,0
2754,11596,0
2755,18353,0
2756,11962,1
2757,6718,1
2758,10471,0
2759,4604,0
2760,14902,0
2761,7126,0
2762,11736,0
2763,1618,0
2764,10712,0
2765,947,0
2766,10854,0
2767,4858,1
2768,2491,0
2769,18079,0
2770,4630,0
2771,7073,0
2772,15751,1
2773,18115,1
2774,813,0
2775,3627,0
2776,2770,0
2777,6864,0
2778,19225,1
2779,16500,1
2780,8173,1
2781,13413,0
2782,17689,1
2783,13415,0
2784,3774,1
2785,17825,0
2786,7960,0
2787,87,0
2788,6693,0
2789,7333,1
2790,8378,1
2791,7020,0
2792,9721,0
2793,14089,0
2794,7218,1
2795,7006,0
2796,19503,0
2797,4715,0
2798,14343,0
2799,18021,0
2800,9042,0
2801,9625,0
2802,5022,0
2803,18482,0
2804,9393,1
2805,17432,0
2806,14688,1
2807,15,0
2808,13652,0
2809,5520,0
2810,2312,0
2811,3996,0
2812,12495,0
2813,14564,0
2814,9242,0
2815,8352,0
2816,18188,1
2817,16068,0
2818,7819,0
2819,77,0
2820,6810,0
2821,19019,1
2822,7938,1
2823,18857,1
2824,4254,1
2825,5999,1
2826,7194,0
2827,8792,0
2828,17570,1
2829,14932,1
2830,13862,0
2831,1831,1
2832,15362,0
2833,4062,0
2834,10738,0
2835,4046,1
2836,12554,0
2837,19200,1
2838,6574,0
2839,7371,1
2840,10815,0
2841,6768,1
2842,7241,1
2843,5791,0
2844,17135,1
2845,19270,0
2846,8001,1
2847,15696,0
2848,10504,0
2849,13288,0
2850,2629,1
2851,16451,0
2852,12038,0
2853,8258,1
2854,7555,1
2855,1429,1
2856,3931,0
2857,8170,1
2858,19004,0
2859,10277,1
2860,6941,1
2861,146,1
2862,7348,0
2863,7076,0
2864,9707,0
2865,18957,1
2866,7370,1
2867,13869,0
2868,16857,1
2869,12888,1
2870,9080,0
2871,4140,1
2872,13768,1
2873,14949,1
2874,2003,0
2875,6416,0
2876,4885,0
2877,16218,0
2878,8869,0
2879,9446,0
2880,3611,0
2881,14406,0
2882,17189,0
2883,18785,1
2884,7104,0
2885,5379,1
2886,2306,0
2887,13628,1
2888,14341,0
2889,4376,0
2890,3943,0
2891,15778,0
2892,13102,0
2893,10780,0
2894,19342,0
2895,1961,1
2896,19224,0
2897,6747,0
2898,2081,1
2899,15261,0
2900,16207,0
2901,7954,0
2902,7670,1
2903,6560,1
2904,318,1
2905,14978,1
2906,11527,1
2907,16243,0
2908,7315,0
2909,10045,0
2910,1569,1
2911,8469,0
2912,4116,0
2913,4577,0
2914,464,1
2915,1917,0
2916,5539,1
2917,7404,0
2918,9402,1
2919,18609,1
2920,13514,0
2921,8832,1
2922,18876,0
2923,8714,1
2924,3647,0
2925,7817,0
2926,12389,0
2927,4397,1
2928,9165,1
2929,15594,0
2930,1221,1
2931,6514,1
2932,15595,1
2933,4379,1
2934,10810,0
2935,6570,0
2936,6730,1
2937,8647,0
2938,12941,1
2939,448,1
2940,9390,0
2941,17461,0
2942,8500,1
2943,4514,1
2944,3878,1
2945,4656,0
2946,4225,1
2947,19791,1
2948,3250,0
2949,4866,0
2950,13927,1
2951,1727,1
2952,3800,1
2953,17082,1
2954,11567,0
2955,13116,1
2956,13449,0
2957,15463,0
2958,8909,1
2959,11383,0
2960,13317,1
2961,7106,0
2962,3540,1
2963,16762,1
2964,18425,0
2965,17671,0
2966,9713,1
2967,12791,0
2968,5651,0
2969,15455,1
2970,16163,0
2971,4318,1
2972,6025,0
2973,16120,0
2974,4489,1
2975,8220,1
2976,3192,1
2977,11019,0
2978,7526,0
2979,16402,0
2980,13865,0
2981,13380,0
2982,13297,0
2983,648,1
2984,16936,0
2985,8176,1
2986,11816,0
2987,16971,0
2988,4960,1
2989,3998,1
2990,15098,0
2991,4441,1
2992,15516,0
2993,18835,0
2994,11751,1
2995,16575,0
2996,727,0
2997,8509,0
2998,4669,0
2999,4750,0
3000,15952,0
3001,16124,1
3002,15843,0
3003,6361,0
3004,15142,1
3005,8227,1
3006,11280,0
3007,5343,0
3008,3917,0
3009,1957,0
3010,5416,0
3011,4009,0
3012,6595,0
3013,9002,1
3014,12609,0
3015,4525,1
3016,18541,1
3017,14953,1
3018,11799,1
3019,5086,0
3020,4788,1
3021,8659,0
3022,16397,1
3023,4530,1
3024,8646,0
3025,4547,0
3026,16636,0
3027,1348,1
3028,12697,0
3029,8190,1
3030,8755,1
3031,2161,1
3032,16953,0
3033,10940,0
3034,14372,0
3035,7498,0
3036,12078,1
3037,11571,0
3038,7730,0
3039,14091,1
3040,10575,1
3041,655,1
3042,9077,0
3043,16753,1
3044,351,0
3045,19012,0
3046,8933,0
3047,17476,0
3048,16993,1
3049,2719,1
3050,12835,0
3051,5054,0
3052,8934,0
3053,4554,0
3054,8856,1
3055,11278,1
3056,10458,1
3057,5116,0
3058,4671,1
3059,14947,0
3060,13699,0
3061,11704,1
3062,5064,0
3063,7063,0
3064,730,1
3065,16363,1
3066,14665,0
3067,3156,0
3068,6046,0
3069,19775,0
3070,16378,1
3071,16117,0
3072,7242,0
3073,1266,0
3074,14391,1
3075,732,1
3076,5096,1
3077,16379,1
3078,17933,1
3079,4266,0
3080,7116,0
3081,18985,1
3082,1673,0
3083,12894,1
3084,8584,1
3085,6115,0
3086,1437,0
3087,6378,1
3088,14621,1
3089,12750,1
3090,8829,1
3091,8292,0
3092,7432,1
3093,7233,1
3094,18842,0
3095,7972,1
3096,13886,0
3097,8508,1
3098,6861,0
3099,18847,0
3100,7289,1
3101,6300,0
3102,44,0
3103,11526,1
3104,6666,0
3105,17479,0
3106,1305,0
3107,8954,1
3108,5392,1
3109,18893,1
3110,13750,0
3111,14290,1
3112,14407,1
3113,10884,1
3114,17844,0
3115,548,1
3116,657,0
3117,16278,0
3118,14755,0
3119,9078,0
3120,17942,0
3121,597,1
3122,10846,0
3123,6909,1
3124,5352,1
3125,1140,0
3126,14609,1
3127,9821,0
3128,8574,1
3129,12643,0
3130,17758,1
3131,15143,1
3132,10867,0
3133,17875,0
3134,1711,0
3135,12746,0
3136,2558,0
3137,2017,1
3138,7078,1
3139,4929,0
3140,9676,0
3141,336,1
3142,19369,1
3143,1262,0
3144,9307,0
3145,14954,1
3146,12950,1
3147,16340,0
3148,16772,0
3149,1328,0
3150,19370,0
3151,17854,0
3152,10741,1
3153,17617,0
3154,8473,0
3155,16991,0
3156,11690,1
3157,14193,1
3158,3876,1
3159,17261,0
3160,4827,1
3161,9886,0
3162,9360,1
3163,6158,0
3164,5754,0
3165,7528,1
3166,18952,0
3167,13066,1
3168,18407,0
3169,13392,0
3170,14835,1
3171,6526,0
3172,12451,0
3173,16425,1
3174,9937,1
3175,15699,1
3176,4527,0
3177,88,0
3178,10860,1
3179,7867,1
3180,8907,1
3181,2258,1
3182,16038,0
3183,16737,0
3184,16171,1
3185,4660,0
3186,7574,0
3187,17323,0
3188,7449,1
3189,19036,1
3190,8382,0
3191,10505,0
3192,5062,0
3193,8610,0
3194,5475,0
3195,2310,0
3196,14256,0
3197,10382,0
3198,19961,0
3199,7825,0
3200,1120,0
3201,11358,0
3202,3240,0
3203,12487,0
3204,871,0
3205,17387,1
3206,13099,0
3207,10564,0
3208,6088,1
3209,6326,0
3210,14961,0
3211,13433,0
3212,967,1
3213,7534,0
3214,16634,0
3215,3321,1
3216,8744,1
3217,3916,0
3218,19011,1
3219,15547,0
3220,8894,1
3221,1228,0
3222,16942,0
3223,6092,1
3224,9856,1
3225,5287,0
3226,1014,1
3227,6802,0
3228,12809,0
3229,13037,1
3230,5698,0
3231,9116,0
3232,16519,0
3233,8209,0
3234,9088,0
3235,7232,0
3236,12942,1
3237,596,0
3238,14386,1
3239,18038,0
3240,2220,0
3241,17217,0
3242,19743,1
3243,11114,0
3244,7796,0
3245,3605,1
3246,15003,0
3247,2761,0
3248,18012,1
3249,18001,0
3250,1204,0
3251,13364,0
3252,15139,1
3253,15220,0
3254,5351,1
3255,8336,0
3256,12903,0
3257,7107,1
3258,11472,1
3259,9250,0
3260,15183,1
3261,17378,0
3262,4709,0
3263,4811,0
3264,1581,0
3265,930,0
3266,12419,1
3267,16487,0
3268,8820,0
3269,13797,0
3270,1474,0
3271,9521,0
3272,3757,0
3273,3694,1
3274,1049,0
3275,3117,1
3276,8588,1
3277,14333,1
3278,18875,0
3279,10244,0
3280,2548,0
3281,16774,0
3282,1707,1
3283,8247,1
3284,13933,1
3285,17647,1
3286,4277,1
3287,12488,0
3288,10699,1
3289,3755,1
3290,5156,1
3291,19201,1
3292,19205,0
3293,18718,1
3294,17256,0
3295,10316,0
3296,10681,0
3297,3112,1
3298,19123,0
3299,5826,0
3300,4091,1
3301,1320,0
3302,17332,0
3303,4481,0
3304,10761,1
3305,566,0
3306,11951,0
3307,9627,0
3308,16272,1
3309,3589,0
3310,17229,1
3311,6752,0
3312,1121,0
3313,16096,0
3314,11015,0
3315,18278,0
3316,3736,0
3317,16654,0
3318,18721,1
3319,1920,0
3320,12910,1
3321,13732,1
3322,5158,1
3323,4250,0
3324,15128,0
3325,4257,0
3326,2771,0
3327,16649,0
3328,11670,0
3329,10278,0
3330,9272,0
3331,10798,0
3332,15724,0
3333,7134,0
3334,7026,1
3335,11851,0
3336,17527,0
3337,10570,0
3338,5043,1
3339,4535,0
3340,17355,0
3341,17929,1
3342,3933,1
3343,17517,0
3344,11934,0
3345,1202,1
3346,1907,1
3347,16352,0
3348,17209,1
3349,5530,0
3350,9221,0
3351,17786,1
3352,16886,1
3353,14584,1
3354,17550,0
3355,12052,0
3356,19633,0
3357,8189,1
3358,7328,1
3359,3210,1
3360,2388,0
3361,5112,1
3362,17793,0
3363,1779,1
3364,7347,0
3365,6219,0
3366,9692,0
3367,19361,0
3368,13323,0
3369,14753,1
3370,17071,0
3371,6190,0
3372,1497,0
3373,12741,1
3374,2064,0
3375,16901,0
3376,13181,0
3377,13747,1
3378,10863,0
3379,5463,1
3380,10623,1
3381,19483,0
3382,17352,0
3383,7208,0
3384,5761,1
3385,11078,0
3386,4910,0
3387,13935,1
3388,14511,1
3389,12521,1
3390,15608,0
3391,7214,1
3392,14929,0
3393,9365,0
3394,16063,0
3395,4305,0
3396,18133,0
3397,5201,0
3398,11691,0
3399,19780,0
3400,10714,0
3401,2424,0
3402,10947,1
3403,10622,1
3404,18724,0
3405,7562,0
3406,6939,1
3407,10969,0
3408,12489,0
3409,12744,0
3410,10632,1
3411,15675,0
